Frequency,Iterations,Time
1,3003,7.835251
10,3010,7.642278
100,3100,7.699934
0,3003,7.501128
