Grid,Iterations,Time
200,382,0.066920
400,1206,0.753564
800,3003,7.114723
1000,3727,13.761553
1500,4453,36.997319
2000,3770,55.645753
